﻿<?xml version="1.0" encoding="UTF-8" ?>
<module>
	<name>payeer</name>
	<displayName><![CDATA[Payeer]]></displayName>
	<version><![CDATA[0.1]]></version>
	<description><![CDATA[Payeer позволяет принимать платежи всеми возможными способами по всему миру!]]></description>
	<author><![CDATA[Payeer]]></author>
	<tab><![CDATA[payments_gateways]]></tab>
	<is_configurable>1</is_configurable>
	<need_instance>1</need_instance>
	<limited_countries></limited_countries>
</module>